prompt,source_file,mentions_lmhg,cites_lmhg,reference_count,cited_domains,text_excerpt
Compare local outpatient mental health providers in Louisville.,serp-ai-mode-expanded-compare-local-outpatient-mental-health-providers-in-louisville.,0,0,11,lindnercenterofhope.org | louisvillerecoverycenter.com | oakheartcenter.com | uoflhealth.org | nortonhealthcare.com | kentuckymentalhealth.com | therapyden.com | psychologytoday.com | m.yelp.com," Several major hospital systems and private practices provide outpatient mental health care in Louisville, offering a range of services from therapy to medication management.[[1]](https://lindnercenterofhope.org/outpatient-care/)[[2]](https://louisvillerecoverycenter.com/mental-health/depression/)[[3]](https://louisvillerecoverycenter.com/mental-health/anxiety/)[[4]](https://www.oakheartcenter.com/oakheart-blog/levels-of-care-in-mental-health-care)[[5]](https://uoflhealth.org/services/mental-and-behavioral-health/)  **Major Provider Networks**   - **[Norton Behavioral Medicine](https://nortonhealthcare.com/services-and-conditions/behavioral-health/services/)** provides comprehensive outpatie"
Which Louisville mental health websites have useful service and referral information?,serp-ai-mode-expanded-which-louisville-mental-health-websites-have-useful-service-and-referral-information,0,0,13,louisvilleky.gov | metrounitedway.org | sevencounties.org | mentalhealthlou.com | facebook.com | linkedin.com | psychologytoday.com | cnshealthcare.org | helplinefaqs.nami.org | resilientmindcounseling.com | adaminc.org | klinic.com," When looking for mental health services and referrals in the Louisville area, several key local and regional websites offer comprehensive directories, crisis intervention resources, and direct provider connections.  The following platforms stand out for their robust service and referral information:  - **[Louisville Metro Community Mental Health Services](https://louisvilleky.gov/government/health-wellness/community-mental-health-services):** The official city government portal acts as a central hub for finding local mental health resources. It features contact details for the Seven Counties Services 24/7 crisis hotlines (Adult, Child, and Addiction) and connects users to the [Metro United "
Where can I find individual therapy in Louisville Kentucky?,serp-ai-mode-where-can-i-find-individual-therapy-in-louisville-kentucky,0,0,27,kentuckycounselingcenter.com | goodtherapy.org | louisvillerecoverycenter.com | betterhelp.com | hopequre.com | google.com | evolvecounselingnoco.com | instagram.com | lctps.org | psychologytoday.com | succeedsocially.com | tivoligardenscounseling.com | everydayhealth.com | locationindependenttherapists.com | mhaky.org | hollymaddy.com | goodrx.com | hamiltoncenter.org | talkspace.com | choosingtherapy.com | mydenvertherapy.com | panahicounseling.com | scbh.com," Finding individual therapy in Louisville, KY, is accessible through local counseling centers, telehealth networks, and professional directories. Depending on your insurance coverage, location, and specific mental health needs, you can easily connect with a licensed professional who fits your requirements.[[1]](https://kentuckycounselingcenter.com/kentucky-counseling-center/louisville/)[[2]](https://www.goodtherapy.org/therapists/ky/louisville)[[3]](https://louisvillerecoverycenter.com/mental-health/)[[4]](https://www.betterhelp.com/)[[5]](https://www.hopequre.com/service)  Leading resources and local options for individual therapy include:  1. Local Therapy Centers in Louisville  ![](https:"
What local counseling options are available in Louisville KY?,serp-ai-mode-what-local-counseling-options-are-available-in-louisville-ky,0,0,23,compservhealth.com | counselingnow.com | louisvillerecoverycenter.com | psychologytoday.com | zocdoc.com | creativefamilycounseling.org | dragonflymentalwellness.com | siumed.org | streetviewpixels-pa.googleapis.com | jimwalker.fullslate.com | regain.us | highlandparktherapy.com | talkwithmarilyn.com | app.squareup.com | jrnycounseling.com | thecenterforhealthyfamilies.com | pivotalcounseling.com | alpenglowcc.org | chfs.ky.gov | kulimacare.org," Louisville, KY offers a range of local counseling options covering individual therapy, family therapy, and specialized counseling services.[[1]](https://www.compservhealth.com/booking-calendar/psychotherapy-1?utm_source=google&utm_medium=book_button&utm_campaign=Psychotherapy)[[2]](https://counselingnow.com/ky-local-counseling/top-counseling-in-louisville/)[[3]](https://louisvillerecoverycenter.com/mental-health/)  **Individual and Specialized Counseling**   - **CompServ Health Resources Inc. (Downtown):** Offers individual and group therapy, including Cognitive Behavioral Therapy (CBT). - **Latoya Hall, LPCC (Original Highlands):** Psychotherapist offering specialized therapy sessions. - *"
"Recommend non-hospital mental health counseling options in Louisville, KY.",serp-ai-mode-expanded-recommend-non-hospital-mental-health-counseling-options-in-louisville-ky.,0,0,9,louisvilleky.gov | pdchc.org | miresource.com | sevencounties.org | facebook.com | m.yelp.com | jimwalker.fullslate.com | compservhealth.com | mentalhealthlou.com," Several non-hospital, community-based mental health counseling options are available in Louisville, KY, offering private practice, community health, and specialized care.[[1]](https://louisvilleky.gov/government/health-wellness/community-mental-health-services)  **Community Health & Non-Profit Clinics**   - Park DuValle Community Health Center : Provides comprehensive behavioral health services to the community. - Collective Care Center at Spalding University : Offers counseling services, often staffed by licensed professionals and advanced students. - Seven Counties Services : A major provider for mental health and addiction, offering 24/7 crisis lines and outpatient counseling. - NAMI Lou"
"Where can someone get mental health case management in Louisville, KY?",serp-ai-mode-expanded-where-can-someone-get-mental-health-case-management-in-louisville-ky,0,0,11,missionconnectionhealthcare.com | circlecasemanagement.com | rhscares.com | evergreentreatment.org | cpcintegratedhealth.org | bestlifelouisville.com | compservhealth.com | zocdoc.com | tebra.com | jimwalker.fullslate.com," Mental health case management in Louisville, KY, is available through several specialized organizations and providers. These services help coordinate care, provide community support, and connect individuals with necessary resources.[[1]](https://missionconnectionhealthcare.com/mental-health/legal-rights/role-of-case-managers-in-virtual-mental-health-care/)[[2]](https://www.circlecasemanagement.com/news/article/case-manager-stress-and-anxiety)[[3]](https://www.rhscares.com/cbrs-case-management)[[4]](https://www.evergreentreatment.org/patients/services/integrated-care-management/)[[5]](https://cpcintegratedhealth.org/community-programs/)  Here are some options for mental health case managemen"
"What is community-based mental health care, and who provides it in Louisville?",serp-ai-mode-expanded-what-is-community-based-mental-health-care-and-who-provides-it-in-louisville,0,0,27,who.int | publichealth.tulane.edu | findhelpnow.org | facebook.com | csgjusticecenter.org | sevencounties.org | uoflhealth.org | startyourrecovery.org | pdchc.org | louisvilleky.gov | mightycause.com | recruiting.paylocity.com | courier-journal.com | findhelp.org | mentalhealthlou.com | giveforgoodlouisville.org | vahemophilia.org | mywoc.org | contactsyracuse.org," Community-based mental health care `brings mental health services directly into the environments where people live, work, and connect` . Instead of relying solely on institutional psychiatric hospitals, it focuses on outpatient treatments, crisis intervention, peer support, and rehabilitation within the local community. This evidence-based model prioritizes accessibility, long-term recovery, and integrated care for vulnerable populations.[](https://www.who.int/news-room/commentaries/detail/from-isolation-to-inclusion---community-based-mental-health-care) [[1]](https://www.who.int/news-room/commentaries/detail/from-isolation-to-inclusion---community-based-mental-health-care)[[2]](https://pub"
Which Louisville mental health providers offer case management?,serp-ai-mode-which-louisville-mental-health-providers-offer-case-management,0,0,5,bestlifelouisville.com | indeed.com | sevencounties.org | kentuckymentalhealth.com | findhelp.org," Several mental health providers in Louisville offer case management services to assist with coordinating care, accessing resources, and developing treatment plans.[[1]](https://www.bestlifelouisville.com/case-management/)[[2]](https://www.indeed.com/q-case-manager-l-louisville,-ky-jobs.html)  - **[Seven Counties Services](https://sevencounties.org/resources/blog/what-is-case-management/):** Offers comprehensive case management for children, adults, and families, including services for mental health, substance use, and intellectual/developmental disabilities.[](https://sevencounties.org/resources/blog/what-is-case-management/) [[1]](https://sevencounties.org/resources/blog/what-is-case-manag"
"Which Louisville providers help teens with anxiety, depression, or trauma?",serp-ai-mode-expanded-which-louisville-providers-help-teens-with-anxiety-depression-or-trauma,0,0,13,recovery.com | turningwinds.com | thebrookhospitals.com | uoflhealth.org | nortonhealthcare.com | louisvillegracepsychological.com | psychologytoday.com | missionprephealthcare.com | basepointacademy.com," Several providers in Louisville offer specialized care for teens dealing with anxiety, depression, or trauma. These include hospitals with dedicated adolescent units, specialized psychology practices, and outpatient behavioral health services.[[1]](https://recovery.com/louisville/adolescents/)[[2]](https://www.turningwinds.com/adolescent-treatment-programs-for-teens-in-louisville-ky-that-take-insurance/)[[3]](https://thebrookhospitals.com/programs/teens/psychiatric-inpatient/)  Here are key providers found in Louisville, KY:  - **[UofL Health – Peace Hospital](https://uoflhealth.org/services/mental-and-behavioral-health/):** Offers mental and behavioral health services for children and adol"
Where can I get child therapy in Louisville KY?,serp-ai-mode-where-can-i-get-child-therapy-in-louisville-ky,0,0,12,columbusbehavioral.com | fccwellbeing.com | healthgrades.com | creativefamilycounseling.org | providers.nortonchildrens.com | wrightchildpsychology.com | innovativefamilytherapy.com | meridianbhservices.com | riversidehealthcare.org | entunebh.com | recovery.com | bhsva.net," Several practices in Louisville, KY, offer child and adolescent therapy services, including specialized pediatric care, family counseling, and behavioral health centers.[[1]](https://columbusbehavioral.com/mental-health-treatment-in-louisville-kentucky/)[[2]](https://fccwellbeing.com/clinic-locations/colorado/louisville-clinic/)[[3]](https://www.healthgrades.com/adolescent-psychiatry-pediatric-psychiatry-directory/ky-kentucky/louisville)  **Child Therapy Providers in Louisville, KY**   ![](https://api.dataforseo.com/cdn/i/07060028-9766-0139-0000-bdb58d10d678:20) Norton Children’s Behavioral and Mental Health 3.2 (9)   Psychologist   Closed 200 E Chestnut St   Provides clinical child and ado"
Does Louisville Mental Health Group offer therapy in Louisville KY?,serp-ai-mode-does-louisville-mental-health-group-offer-therapy-in-louisville-ky,1,0,7,louisvilleaddictioncenter.com | psychologytoday.com | app.squareup.com | jimwalker.fullslate.com | paintedgroverecovery.com | louisvillegracepsychological.com | flourishlouisville.com," `Yes, Louisville Mental Health Group offers therapy in Louisville, KY.` [[1]](https://louisvilleaddictioncenter.com/services/louisville-mental-health/)[[2]](https://www.psychologytoday.com/us/therapists/louisville-mental-health-group-louisville-ky/1309075)  - **Services:** They offer a variety of services, including individual therapy, group therapy, and in-office therapy sessions, with Denise Myers, M.Ed. LPP , and Jim Walker, LCSW , according to local listings. - **Specialties:** They address issues such as anxiety, ADHD, low self-esteem, depression, and adjustment difficulties. - **Location:** They have a physical office in Louisville, Kentucky.[[1]](https://app.squareup.com/appointments"
Who offers in-home therapy or community-based mental health support in Louisville?,serp-ai-mode-expanded-who-offers-in-home-therapy-or-community-based-mental-health-support-in-louisville,0,0,27,counselingnow.com | causeiq.com | kentuckycounselingcenter.com | robertalexandercenter.com | lctps.org | google.com | wellspringky.org | wlky.com | namilouisville.org | instagram.com | compservhealth.com | louisvillemindandwellness.com | tebra.com | bridgesupport.org | kidsfirstservices.com | restaurabh.com," Several organizations provide community-based, in-home, or specialized mental health support in Louisville, KY, focusing on accessible care, counseling, and specialized services.[[1]](https://counselingnow.com/ky-local-counseling/top-counseling-in-louisville/)[[2]](https://www.causeiq.com/directory/mental-health-group-homes-list/louisvillejefferson-county-ky-in-metro/)[[3]](https://kentuckycounselingcenter.com/psychiatrist-louisville-ky/)[[4]](https://robertalexandercenter.com/situational-depression-symptoms-and-treatment-in-louisville/)  - **[Louisville Center for Therapy and Personal Sustainability (LCTPS)](http://www.lctps.org/):** Offers community-based music therapy to the Louisville M"
Who offers family therapy and care coordination in Louisville?,serp-ai-mode-expanded-who-offers-family-therapy-and-care-coordination-in-louisville,0,0,6,fccwellbeing.com | boysandgirlshaven.org | creativefamilycounseling.org | lifestance.com | jimwalker.fullslate.com | whiteglovehomecare.com," Several providers in Louisville offer family therapy and care coordination (case management) to support families with behavioral and emotional needs.[[1]](https://fccwellbeing.com/clinic-locations/colorado/louisville-clinic/)  **Top Providers for Family Therapy and Care Coordination in Louisville:**   - **[Haven Family Counseling](https://boysandgirlshaven.org/programs/haven-family-counseling/)** (part of Boys & Girls Haven) offers intensive in-home therapy, outpatient office counseling, and case management for families. - **[Creative Family Counseling](https://creativefamilycounseling.org/)** specializes in child, teen, and family counseling services in the Louisville area. - **[LifeStance"
Find a Louisville therapist who accepts Medicaid.,serp-ai-mode-expanded-find-a-louisville-therapist-who-accepts-medicaid.,0,0,9,psychologytoday.com | zencare.co | paid.care | therapist.com | mentalhealthmatch.com | manhattanmentalhealthcounseling.com | joingroups.com," Several therapists and counseling services in Louisville, KY, accept Medicaid. According to [Psychology Today's Medicaid therapist directory](https://www.psychologytoday.com/us/therapists/ky/louisville?category=medicaid) , some providers include:[[1]](https://zencare.co/us/kentucky/louisville/louisville-jefferson-county/therapists/insurance/medicaid)[[2]](https://paid.care/guides/medicaid-therapists-accessing-quality-mental-health-care)  - **Mindive**  - **Lifestrings Mental Health and Well-Being, LLC**  - **Haven Family Counseling**  - **Bridge the Gap Addiction and Mental Health Service**  - **Blue Moon Therapy**  - **Counseling Unlimited & Virtual Visits** [[1]](https://www.psychologytod"
Who offers community based mental health services in Louisville?,serp-ai-mode-who-offers-community-based-mental-health-services-in-louisville,0,0,17,louisvilleky.gov | sevencounties.org | uoflhealth.org | pdchc.org | compservhealth.com | mentalhealthlou.com | namilouisville.org | 1si.org | instagram.com | 988lifeline.org | crisistextline.org | metrounitedway.org," Several organizations offer community-based mental health services in Louisville, KY, ranging from comprehensive community health centers to specialized providers and support organizations.[](https://louisvilleky.gov/government/health-wellness/community-mental-health-services) [[1]](https://louisvilleky.gov/government/health-wellness/community-mental-health-services)  **Key Community Mental Health Providers in Louisville**   - **[Seven Counties Services](https://sevencounties.org/)** : As Kentucky's leading Community Mental Health Center (CMHC), they provide services for mental health, addiction recovery, and developmental disabilities throughout the Louisville metro area.[](https://sevenco"
Best therapy providers in Louisville KY for families and children,serp-ai-mode-best-therapy-providers-in-louisville-ky-for-families-and-children,0,0,12,louisvillegracepsychological.com | pivotalcounseling.com | searhc.org | lh3.googleusercontent.com | streetviewpixels-pa.googleapis.com | creativefamilycounseling.org | lifestance.com | jimwalker.fullslate.com | therapylab.com | ourchildrenourfuturefl.org | psychologytoday.com," Based on local listings and reputation in Louisville, KY, several providers are highly regarded for child, adolescent, and family therapy. These providers offer services ranging from play therapy to specialized family counseling.[[1]](https://louisvillegracepsychological.com/child-therapist-louisville-ky/)[[2]](https://www.pivotalcounseling.com/family-counselors-greeley-co)[[3]](https://searhc.org/care-specialties/individual-family-therapy/)  **Top Family & Child Therapy Providers in Louisville, KY**   ![](https://api.dataforseo.com/cdn/i/07060028-9766-0139-0000-308653200f57:4) Grace Psychological Services 5.0 (22)   Marriage or relationship counselor   Closed 12802 Townepark Way Ste 100   "
Who provides mental health services in Louisville KY?,serp-ai-mode-who-provides-mental-health-services-in-louisville-ky,0,0,11,louisvilleky.gov | kentuckymentalhealth.com | louisvillegracepsychological.com | divorcerecoverylouisville.org | tebra.com | jimwalker.fullslate.com | app.squareup.com | zocdoc.com | lightheartassociates.com | kysu.edu | instagram.com," Several organizations and private practitioners provide mental health services in Louisville, KY, offering a range of care from crisis intervention to individual therapy.[](https://louisvilleky.gov/government/health-wellness/community-mental-health-services) [[1]](https://louisvilleky.gov/government/health-wellness/community-mental-health-services)[[2]](https://kentuckymentalhealth.com/)[[3]](https://louisvillegracepsychological.com/)[[4]](http://www.divorcerecoverylouisville.org/gethelp-crisis.html)  **Key Community Mental Health Providers**   - **Seven Counties Services** : Provides comprehensive behavioral health services, including 24/7 crisis lines for adults (502-589-4313), children ("
