prompt,domain,url,title
Compare local outpatient mental health providers in Louisville.,lindnercenterofhope.org,https://lindnercenterofhope.org/outpatient-care/,
Compare local outpatient mental health providers in Louisville.,louisvillerecoverycenter.com,https://louisvillerecoverycenter.com/mental-health/depression/,
Compare local outpatient mental health providers in Louisville.,louisvillerecoverycenter.com,https://louisvillerecoverycenter.com/mental-health/anxiety/,
Compare local outpatient mental health providers in Louisville.,oakheartcenter.com,https://www.oakheartcenter.com/oakheart-blog/levels-of-care-in-mental-health-care,
Compare local outpatient mental health providers in Louisville.,uoflhealth.org,https://uoflhealth.org/services/mental-and-behavioral-health/,
Compare local outpatient mental health providers in Louisville.,nortonhealthcare.com,https://nortonhealthcare.com/services-and-conditions/behavioral-health/services/,
Compare local outpatient mental health providers in Louisville.,kentuckymentalhealth.com,https://kentuckymentalhealth.com/,
Compare local outpatient mental health providers in Louisville.,therapyden.com,https://www.therapyden.com/therapists/us/ky/louisville-1,
Compare local outpatient mental health providers in Louisville.,psychologytoday.com,https://www.psychologytoday.com/us/psychiatrists/ky/louisville,
Compare local outpatient mental health providers in Louisville.,m.yelp.com,https://m.yelp.com/search?find_desc=Behavioral+Health&find_loc=Louisville%2C+KY,
Compare local outpatient mental health providers in Louisville.,psychologytoday.com,https://www.psychologytoday.com/us/treatment-rehab/ky/louisville,
Which Louisville mental health websites have useful service and referral information?,louisvilleky.gov,https://louisvilleky.gov/government/health-wellness/community-mental-health-services,
Which Louisville mental health websites have useful service and referral information?,metrounitedway.org,https://www.metrounitedway.org/,
Which Louisville mental health websites have useful service and referral information?,sevencounties.org,https://sevencounties.org/,
Which Louisville mental health websites have useful service and referral information?,louisvilleky.gov,https://louisvilleky.gov/events/venues/seven-counties-services,
Which Louisville mental health websites have useful service and referral information?,mentalhealthlou.com,https://www.mentalhealthlou.com/,
Which Louisville mental health websites have useful service and referral information?,facebook.com,https://www.facebook.com/kychfs/posts/kentuckians-with-serious-mental-illness-smi-arent-limited-to-a-hospital-to-get-m/1488315123339699/,
Which Louisville mental health websites have useful service and referral information?,linkedin.com,https://www.linkedin.com/company/namilouisville,
Which Louisville mental health websites have useful service and referral information?,psychologytoday.com,https://www.psychologytoday.com/us/blog/physio-and-psych/202210/988-and-the-evolving-mental-healthcare-landscape,
Which Louisville mental health websites have useful service and referral information?,cnshealthcare.org,https://www.cnshealthcare.org/depression-support-groups-a-lifeline-in-your-time-of-need,
Which Louisville mental health websites have useful service and referral information?,helplinefaqs.nami.org,https://helplinefaqs.nami.org/article/255-i-need-to-see-a-psychiatrist-therapist-how-can-i-find-one,
Which Louisville mental health websites have useful service and referral information?,resilientmindcounseling.com,https://resilientmindcounseling.com/bipoc-therapy/,
Which Louisville mental health websites have useful service and referral information?,adaminc.org,https://adaminc.org/psychology-today-therapy-directory/,
Which Louisville mental health websites have useful service and referral information?,klinic.com,https://klinic.com/blog/how-to-access-mental-health-services-with-humana-insurance,
Where can I find individual therapy in Louisville Kentucky?,kentuckycounselingcenter.com,https://kentuckycounselingcenter.com/kentucky-counseling-center/louisville/,
Where can I find individual therapy in Louisville Kentucky?,goodtherapy.org,https://www.goodtherapy.org/therapists/ky/louisville,
Where can I find individual therapy in Louisville Kentucky?,louisvillerecoverycenter.com,https://louisvillerecoverycenter.com/mental-health/,
Where can I find individual therapy in Louisville Kentucky?,betterhelp.com,https://www.betterhelp.com/,
Where can I find individual therapy in Louisville Kentucky?,hopequre.com,https://www.hopequre.com/service,
Where can I find individual therapy in Louisville Kentucky?,google.com,https://www.google.com/searchviewer/10?svid=CAwSHRIbCgNwdnESFENnMHZaeTh4TVhJeE9UZzROSE5rGAo,
Where can I find individual therapy in Louisville Kentucky?,evolvecounselingnoco.com,https://evolvecounselingnoco.com/teletherapy/,
Where can I find individual therapy in Louisville Kentucky?,google.com,https://www.google.com/searchviewer/10?svid=CAwSHRIbCgNwdnESFENnMHZaeTh4TVdvemFEbDROekI1GAo,
Where can I find individual therapy in Louisville Kentucky?,instagram.com,https://www.instagram.com/louisvillecenterfortherapy/,
Where can I find individual therapy in Louisville Kentucky?,lctps.org,https://www.lctps.org/music-therapy-internship,
Where can I find individual therapy in Louisville Kentucky?,psychologytoday.com,https://www.psychologytoday.com/us/therapists/ky/louisville,
Where can I find individual therapy in Louisville Kentucky?,succeedsocially.com,https://www.succeedsocially.com/findtherapistforteen,
Where can I find individual therapy in Louisville Kentucky?,tivoligardenscounseling.com,https://www.tivoligardenscounseling.com/blog/how-to-choose-a-therapist,
Where can I find individual therapy in Louisville Kentucky?,everydayhealth.com,https://www.everydayhealth.com/emotional-health/how-to-find-a-therapist-whos-right-for-you/,
Where can I find individual therapy in Louisville Kentucky?,locationindependenttherapists.com,https://locationindependenttherapists.com/find-a-therapist/,
Where can I find individual therapy in Louisville Kentucky?,psychologytoday.com,https://www.psychologytoday.com/us/treatment-rehab/ky/louisville,
Where can I find individual therapy in Louisville Kentucky?,mhaky.org,https://mhaky.org/,
Where can I find individual therapy in Louisville Kentucky?,hollymaddy.com,https://hollymaddy.com/links,
Where can I find individual therapy in Louisville Kentucky?,goodrx.com,https://www.goodrx.com/health-topic/mental-health/therapy-without-insurance?srsltid=AfmBOoqfv-vuOZV8d4rxnaasTOrHoivlwOzqyMgekGbJOlu3Yhq865YU,
Where can I find individual therapy in Louisville Kentucky?,betterhelp.com,https://www.betterhelp.com/mental-health/disorders-conditions/psychotherapy/,
Where can I find individual therapy in Louisville Kentucky?,hamiltoncenter.org,https://www.hamiltoncenter.org/educational/post-traumatic-stress-disorder/,
Where can I find individual therapy in Louisville Kentucky?,talkspace.com,https://www.talkspace.com/,
Where can I find individual therapy in Louisville Kentucky?,choosingtherapy.com,https://www.choosingtherapy.com/what-kind-of-therapy-do-i-need/,
Where can I find individual therapy in Louisville Kentucky?,betterhelp.com,https://www.betterhelp.com/advice/therapy/accessing-therapy-providers/,
Where can I find individual therapy in Louisville Kentucky?,mydenvertherapy.com,https://mydenvertherapy.com/therapists-in-denver-who-accept-insurance/,
Where can I find individual therapy in Louisville Kentucky?,panahicounseling.com,https://panahicounseling.com/blogs/how-to-find-a-therapist-8-simple-steps-to-make-your-search-process-easier/,
Where can I find individual therapy in Louisville Kentucky?,scbh.com,https://www.scbh.com/therapies/individual-therapy/,
What local counseling options are available in Louisville KY?,compservhealth.com,https://www.compservhealth.com/booking-calendar/psychotherapy-1?utm_source=google&utm_medium=book_button&utm_campaign=Psychotherapy,
What local counseling options are available in Louisville KY?,counselingnow.com,https://counselingnow.com/ky-local-counseling/top-counseling-in-louisville/,
What local counseling options are available in Louisville KY?,louisvillerecoverycenter.com,https://louisvillerecoverycenter.com/mental-health/,
What local counseling options are available in Louisville KY?,psychologytoday.com,https://www.psychologytoday.com/us/therapists/catherine-eleson-louisville-ky/316277,
What local counseling options are available in Louisville KY?,zocdoc.com,https://www.zocdoc.com/professional/latoya-hall-lpcc-431532?LocIdent=351547&utm_source=reservewithgoogle&utm_medium=seosynd&utm_campaign=hai&entity_id=pr_jLj6ZWUZbki_TjnpRADXYx-lo_LNwrZ_IsUUS3Ix_ED8eI-Q-entity,
What local counseling options are available in Louisville KY?,creativefamilycounseling.org,https://creativefamilycounseling.org/louisville-ky-campus/,
What local counseling options are available in Louisville KY?,dragonflymentalwellness.com,https://dragonflymentalwellness.com/resource-guide/,
What local counseling options are available in Louisville KY?,siumed.org,https://www.siumed.org/treatment/family-therapy.html,
What local counseling options are available in Louisville KY?,streetviewpixels-pa.googleapis.com,https://streetviewpixels-pa.googleapis.com/v1/thumbnail?panoid=av7BdQ-W1bHlMgQm-CCxog&cb_client=search.gws-prod.gps&yaw=38.667984&pitch=0&thumbfov=100&w=82&h=82,
What local counseling options are available in Louisville KY?,jimwalker.fullslate.com,https://jimwalker.fullslate.com/services/6,
What local counseling options are available in Louisville KY?,psychologytoday.com,https://www.psychologytoday.com/us/therapists/live-proud-lgbt-mental-health-svcs-louisville-ky/143009,
What local counseling options are available in Louisville KY?,regain.us,https://www.regain.us/advice/couples-therapy/how-can-online-couples-therapy-offer-relationship-support/,
What local counseling options are available in Louisville KY?,streetviewpixels-pa.googleapis.com,https://streetviewpixels-pa.googleapis.com/v1/thumbnail?panoid=1dIJspW4Dit2S2iG8FCknA&cb_client=search.gws-prod.gps&yaw=229.01343&pitch=0&thumbfov=100&w=82&h=82,
What local counseling options are available in Louisville KY?,psychologytoday.com,https://www.psychologytoday.com/us/therapists/advanced-solutions-counseling-and-consulting-richmond-ky/82564,
What local counseling options are available in Louisville KY?,highlandparktherapy.com,https://www.highlandparktherapy.com/blog/how-to-find-the-best-therapists-in-los-angeles,
What local counseling options are available in Louisville KY?,talkwithmarilyn.com,https://www.talkwithmarilyn.com/curriculum-vitae,
What local counseling options are available in Louisville KY?,app.squareup.com,https://app.squareup.com/appointments/book/utfyz4199o429i/LPQCJMZ045EAK/start?service_id=GMNV6JG6PNV5QOTZAVR7GSQ3&variation_id=KIVJWN7UH3OCYJCUPWISOPTV,
What local counseling options are available in Louisville KY?,jrnycounseling.com,https://jrnycounseling.com/individual-therapy/,
What local counseling options are available in Louisville KY?,thecenterforhealthyfamilies.com,https://www.thecenterforhealthyfamilies.com/services,
What local counseling options are available in Louisville KY?,pivotalcounseling.com,https://www.pivotalcounseling.com/family-counseling-loveland-co,
What local counseling options are available in Louisville KY?,alpenglowcc.org,https://alpenglowcc.org/services,
What local counseling options are available in Louisville KY?,chfs.ky.gov,https://www.chfs.ky.gov/,
What local counseling options are available in Louisville KY?,kulimacare.org,https://kulimacare.org/,
"Recommend non-hospital mental health counseling options in Louisville, KY.",louisvilleky.gov,https://louisvilleky.gov/government/health-wellness/community-mental-health-services,
"Recommend non-hospital mental health counseling options in Louisville, KY.",pdchc.org,https://pdchc.org/behavioral/,
"Recommend non-hospital mental health counseling options in Louisville, KY.",miresource.com,https://miresource.com/therapists/schizophrenia/louisville,
"Recommend non-hospital mental health counseling options in Louisville, KY.",sevencounties.org,https://sevencounties.org/about/locations/,
"Recommend non-hospital mental health counseling options in Louisville, KY.",facebook.com,https://www.facebook.com/kychfs/posts/kentuckians-with-serious-mental-illness-smi-arent-limited-to-a-hospital-to-get-m/1488315123339699/,
"Recommend non-hospital mental health counseling options in Louisville, KY.",m.yelp.com,https://m.yelp.com/search?find_desc=Behavioral+Health&find_loc=Louisville%2C+KY,
"Recommend non-hospital mental health counseling options in Louisville, KY.",jimwalker.fullslate.com,https://jimwalker.fullslate.com/services/704,
"Recommend non-hospital mental health counseling options in Louisville, KY.",compservhealth.com,https://www.compservhealth.com/booking-calendar/psychotherapy-1?utm_source=google&utm_medium=book_button&utm_campaign=Psychotherapy,
"Recommend non-hospital mental health counseling options in Louisville, KY.",mentalhealthlou.com,https://www.mentalhealthlou.com/about,
"Where can someone get mental health case management in Louisville, KY?",missionconnectionhealthcare.com,https://missionconnectionhealthcare.com/mental-health/legal-rights/role-of-case-managers-in-virtual-mental-health-care/,
"Where can someone get mental health case management in Louisville, KY?",circlecasemanagement.com,https://www.circlecasemanagement.com/news/article/case-manager-stress-and-anxiety,
"Where can someone get mental health case management in Louisville, KY?",rhscares.com,https://www.rhscares.com/cbrs-case-management,
"Where can someone get mental health case management in Louisville, KY?",evergreentreatment.org,https://www.evergreentreatment.org/patients/services/integrated-care-management/,
"Where can someone get mental health case management in Louisville, KY?",cpcintegratedhealth.org,https://cpcintegratedhealth.org/community-programs/,
"Where can someone get mental health case management in Louisville, KY?",bestlifelouisville.com,https://www.bestlifelouisville.com/case-management/,
"Where can someone get mental health case management in Louisville, KY?",compservhealth.com,https://www.compservhealth.com/booking-calendar/psychotherapy-1?utm_source=google&utm_medium=book_button&utm_campaign=Psychotherapy,
"Where can someone get mental health case management in Louisville, KY?",zocdoc.com,https://www.zocdoc.com/practice/better-you-behavioral-health-services-146494?LocIdent=355819&utm_source=reservewithgoogle&utm_medium=seosynd&utm_campaign=hai&entity_id=pt_Wu4m1OvawUC2yowE0ILv_Q-lo_X6B0qk02o0e0XbhXgmgwQQ-entity,
"Where can someone get mental health case management in Louisville, KY?",tebra.com,https://www.tebra.com/care/practice/strickland-cox-associates-primary-care-center-208096?lid=3163400381,
"Where can someone get mental health case management in Louisville, KY?",bestlifelouisville.com,https://www.bestlifelouisville.com/contact/,
"Where can someone get mental health case management in Louisville, KY?",jimwalker.fullslate.com,https://jimwalker.fullslate.com/services/1,
"What is community-based mental health care, and who provides it in Louisville?",who.int,https://www.who.int/news-room/commentaries/detail/from-isolation-to-inclusion---community-based-mental-health-care,
"What is community-based mental health care, and who provides it in Louisville?",publichealth.tulane.edu,https://publichealth.tulane.edu/blog/what-is-community-mental-health/,
"What is community-based mental health care, and who provides it in Louisville?",findhelpnow.org,https://findhelpnow.org/ky/facilities/UHVibGljRmFjaWxpdHlOb2RlOjMwNTA=,
"What is community-based mental health care, and who provides it in Louisville?",facebook.com,https://www.facebook.com/TonyAmandaMetcalfe/,
"What is community-based mental health care, and who provides it in Louisville?",csgjusticecenter.org,https://csgjusticecenter.org/resources/funding/opportunities/community-mental-health-services-block-grant/,
"What is community-based mental health care, and who provides it in Louisville?",sevencounties.org,https://sevencounties.org/,
"What is community-based mental health care, and who provides it in Louisville?",uoflhealth.org,https://uoflhealth.org/services/mental-and-behavioral-health/,
"What is community-based mental health care, and who provides it in Louisville?",uoflhealth.org,https://uoflhealth.org/articles/helping-the-public-access-behavioral-health-treatment/,
"What is community-based mental health care, and who provides it in Louisville?",uoflhealth.org,https://uoflhealth.org/services/mental-and-behavioral-health/adult-outpatient-services/,
"What is community-based mental health care, and who provides it in Louisville?",startyourrecovery.org,https://startyourrecovery.org/facility/uofl-health-peace-hospital-louisville-ky,
"What is community-based mental health care, and who provides it in Louisville?",uoflhealth.org,https://uoflhealth.org/services/mental-and-behavioral-health/substance-abuse/,
"What is community-based mental health care, and who provides it in Louisville?",pdchc.org,https://www.pdchc.org/,
"What is community-based mental health care, and who provides it in Louisville?",louisvilleky.gov,https://louisvilleky.gov/government/health-wellness/community-mental-health-services,
"What is community-based mental health care, and who provides it in Louisville?",mightycause.com,https://www.mightycause.com/organization/Park-Duvalle-Community-Health-Center,
"What is community-based mental health care, and who provides it in Louisville?",recruiting.paylocity.com,https://recruiting.paylocity.com/recruiting/jobs/Details/3654403/Park-DuValle-Community-Health-Centers/Peer-Support-Specialist,
"What is community-based mental health care, and who provides it in Louisville?",courier-journal.com,https://www.courier-journal.com/story/news/local/2025/05/28/park-duvalle-community-health-centers-to-build-community-food-center/83472262007/,
"What is community-based mental health care, and who provides it in Louisville?",findhelp.org,https://www.findhelp.org/housing/help-find-housing--lexington-ky,
"What is community-based mental health care, and who provides it in Louisville?",startyourrecovery.org,https://startyourrecovery.org/treatment/rehab-centers/kentucky/lyndon,
"What is community-based mental health care, and who provides it in Louisville?",mentalhealthlou.com,https://www.mentalhealthlou.com/,
"What is community-based mental health care, and who provides it in Louisville?",mentalhealthlou.com,https://www.mentalhealthlou.com/about,
"What is community-based mental health care, and who provides it in Louisville?",louisvilleky.gov,https://louisvilleky.gov/government/american-rescue-plan/public-health-contingencies,
"What is community-based mental health care, and who provides it in Louisville?",giveforgoodlouisville.org,https://www.giveforgoodlouisville.org/organization/Citizens-Of-Louisville-Organized-And-United-Together,
"What is community-based mental health care, and who provides it in Louisville?",sevencounties.org,https://sevencounties.org/crisis/,
"What is community-based mental health care, and who provides it in Louisville?",vahemophilia.org,https://vahemophilia.org/community-resources/mental-health/,
"What is community-based mental health care, and who provides it in Louisville?",mywoc.org,https://www.mywoc.org/suicide-intervention-prevention-resources/,
"What is community-based mental health care, and who provides it in Louisville?",contactsyracuse.org,https://www.contactsyracuse.org/contact-community-services-celebrates-two-year-anniversary-of-988-suicide-crisis-lifeline/,
"What is community-based mental health care, and who provides it in Louisville?",facebook.com,https://www.facebook.com/msudenverhealthinstitute/,
Which Louisville mental health providers offer case management?,bestlifelouisville.com,https://www.bestlifelouisville.com/case-management/,
Which Louisville mental health providers offer case management?,indeed.com,"https://www.indeed.com/q-case-manager-l-louisville,-ky-jobs.html",
Which Louisville mental health providers offer case management?,sevencounties.org,https://sevencounties.org/resources/blog/what-is-case-management/,
Which Louisville mental health providers offer case management?,kentuckymentalhealth.com,https://kentuckymentalhealth.com/kentucky-case-management/,
Which Louisville mental health providers offer case management?,findhelp.org,https://www.findhelp.org/care/case-management--louisville-ky,
"Which Louisville providers help teens with anxiety, depression, or trauma?",recovery.com,https://recovery.com/louisville/adolescents/,
"Which Louisville providers help teens with anxiety, depression, or trauma?",turningwinds.com,https://www.turningwinds.com/adolescent-treatment-programs-for-teens-in-louisville-ky-that-take-insurance/,
"Which Louisville providers help teens with anxiety, depression, or trauma?",thebrookhospitals.com,https://thebrookhospitals.com/programs/teens/psychiatric-inpatient/,
"Which Louisville providers help teens with anxiety, depression, or trauma?",uoflhealth.org,https://uoflhealth.org/services/mental-and-behavioral-health/,
"Which Louisville providers help teens with anxiety, depression, or trauma?",nortonhealthcare.com,https://nortonhealthcare.com/services-and-conditions/behavioral-health/services/,
"Which Louisville providers help teens with anxiety, depression, or trauma?",louisvillegracepsychological.com,https://louisvillegracepsychological.com/child-therapist-louisville-ky/,
"Which Louisville providers help teens with anxiety, depression, or trauma?",louisvillegracepsychological.com,https://louisvillegracepsychological.com/teen-therapy-louisville/,
"Which Louisville providers help teens with anxiety, depression, or trauma?",louisvillegracepsychological.com,https://louisvillegracepsychological.com/erp-therapy-ocd-louisville/,
"Which Louisville providers help teens with anxiety, depression, or trauma?",louisvillegracepsychological.com,https://louisvillegracepsychological.com/complex-ptsd-understanding-the-nuances-of-chronic-trauma/,
"Which Louisville providers help teens with anxiety, depression, or trauma?",psychologytoday.com,https://www.psychologytoday.com/us/psychiatrists/ky/louisville?category=adolescents-teenagers-14-to-19,
"Which Louisville providers help teens with anxiety, depression, or trauma?",psychologytoday.com,https://www.psychologytoday.com/us/psychiatrists/co/louisville,
"Which Louisville providers help teens with anxiety, depression, or trauma?",missionprephealthcare.com,https://missionprephealthcare.com/blog/virginia-adolescent-mental-health-facilities-options-how-to-choose-the-right-one/,
"Which Louisville providers help teens with anxiety, depression, or trauma?",basepointacademy.com,https://basepointacademy.com/locations/dallas/balch-springs/,
Where can I get child therapy in Louisville KY?,columbusbehavioral.com,https://columbusbehavioral.com/mental-health-treatment-in-louisville-kentucky/,
Where can I get child therapy in Louisville KY?,fccwellbeing.com,https://fccwellbeing.com/clinic-locations/colorado/louisville-clinic/,
Where can I get child therapy in Louisville KY?,healthgrades.com,https://www.healthgrades.com/adolescent-psychiatry-pediatric-psychiatry-directory/ky-kentucky/louisville,
Where can I get child therapy in Louisville KY?,creativefamilycounseling.org,https://creativefamilycounseling.org/therapy-for-kids/,
Where can I get child therapy in Louisville KY?,providers.nortonchildrens.com,https://providers.nortonchildrens.com/specialty/Pediatric%20Psychology/near/Louisville%2C%20KY?page=1,
Where can I get child therapy in Louisville KY?,wrightchildpsychology.com,https://www.wrightchildpsychology.com/,
Where can I get child therapy in Louisville KY?,innovativefamilytherapy.com,https://innovativefamilytherapy.com/louisville-child-therapist/,
Where can I get child therapy in Louisville KY?,meridianbhservices.com,https://meridianbhservices.com/therapy-for-kids/,
Where can I get child therapy in Louisville KY?,riversidehealthcare.org,https://www.riversidehealthcare.org/services/behavioral-health/child-and-adolescent-services,
Where can I get child therapy in Louisville KY?,entunebh.com,https://entunebh.com/child-adolescent-therapy/,
Where can I get child therapy in Louisville KY?,recovery.com,https://recovery.com/childrens-wisconsin-new-berlin-psychiatry-and-behavioral-medicine-new-berlin/,
Where can I get child therapy in Louisville KY?,bhsva.net,https://www.bhsva.net/childrens-mental-health/,
Does Louisville Mental Health Group offer therapy in Louisville KY?,louisvilleaddictioncenter.com,https://louisvilleaddictioncenter.com/services/louisville-mental-health/,
Does Louisville Mental Health Group offer therapy in Louisville KY?,psychologytoday.com,https://www.psychologytoday.com/us/therapists/louisville-mental-health-group-louisville-ky/1309075,
Does Louisville Mental Health Group offer therapy in Louisville KY?,app.squareup.com,https://app.squareup.com/appointments/book/eb9c5ddf-fbb9-40ae-8d73-967aad8c9082/NB6KRWR5H44BZ/start?service_id=5NHEWSNEQSS6BKWMP52YM76F&variation_id=XK5C5ZLR3STU22UFBV2L24QX,
Does Louisville Mental Health Group offer therapy in Louisville KY?,jimwalker.fullslate.com,https://jimwalker.fullslate.com/services/5,
Does Louisville Mental Health Group offer therapy in Louisville KY?,paintedgroverecovery.com,https://paintedgroverecovery.com/therapy-programs/group-therapy/,
Does Louisville Mental Health Group offer therapy in Louisville KY?,louisvillegracepsychological.com,https://louisvillegracepsychological.com/,
Does Louisville Mental Health Group offer therapy in Louisville KY?,flourishlouisville.com,https://www.flourishlouisville.com/,
Who offers in-home therapy or community-based mental health support in Louisville?,counselingnow.com,https://counselingnow.com/ky-local-counseling/top-counseling-in-louisville/,
Who offers in-home therapy or community-based mental health support in Louisville?,causeiq.com,https://www.causeiq.com/directory/mental-health-group-homes-list/louisvillejefferson-county-ky-in-metro/,
Who offers in-home therapy or community-based mental health support in Louisville?,kentuckycounselingcenter.com,https://kentuckycounselingcenter.com/psychiatrist-louisville-ky/,
Who offers in-home therapy or community-based mental health support in Louisville?,robertalexandercenter.com,https://robertalexandercenter.com/situational-depression-symptoms-and-treatment-in-louisville/,
Who offers in-home therapy or community-based mental health support in Louisville?,lctps.org,http://www.lctps.org/,
Who offers in-home therapy or community-based mental health support in Louisville?,google.com,https://www.google.com/searchviewer/10?svid=CAwSHRIbCgNwdnESFENnMHZaeTh4TVdvemFEbDROekI1GAo,
Who offers in-home therapy or community-based mental health support in Louisville?,lctps.org,https://www.lctps.org/,
Who offers in-home therapy or community-based mental health support in Louisville?,lctps.org,https://www.lctps.org/music-therapy-internship,
Who offers in-home therapy or community-based mental health support in Louisville?,wellspringky.org,https://wellspringky.org/,
Who offers in-home therapy or community-based mental health support in Louisville?,google.com,https://www.google.com/searchviewer/10?svid=CAwSGxIZCgNwdnESEkNnc3ZaeTh4ZEdaeWMyNTBaZxgK,
Who offers in-home therapy or community-based mental health support in Louisville?,wellspringky.org,https://wellspringky.org/who-we-are-2/,
Who offers in-home therapy or community-based mental health support in Louisville?,wellspringky.org,https://wellspringky.org/intensive-treatment-teams/,
Who offers in-home therapy or community-based mental health support in Louisville?,wellspringky.org,https://wellspringky.org/supported-employment/,
Who offers in-home therapy or community-based mental health support in Louisville?,wlky.com,https://www.wlky.com/article/louisville-mental-health-support-give-wellspring/65878546,
Who offers in-home therapy or community-based mental health support in Louisville?,namilouisville.org,http://www.namilouisville.org/,
Who offers in-home therapy or community-based mental health support in Louisville?,google.com,https://www.google.com/searchviewer/10?svid=CAwSGxIZCgNwdnESEkNnc3ZaeTh4ZEdSc05uYzRhZxgK,
Who offers in-home therapy or community-based mental health support in Louisville?,namilouisville.org,https://namilouisville.org/,
Who offers in-home therapy or community-based mental health support in Louisville?,namilouisville.org,https://namilouisville.org/programs-%26-classes,
Who offers in-home therapy or community-based mental health support in Louisville?,instagram.com,https://www.instagram.com/namilouisville/,
Who offers in-home therapy or community-based mental health support in Louisville?,namilouisville.org,https://namilouisville.org/about-us,
Who offers in-home therapy or community-based mental health support in Louisville?,compservhealth.com,https://www.compservhealth.com/,
Who offers in-home therapy or community-based mental health support in Louisville?,compservhealth.com,https://www.compservhealth.com/booking-calendar/psychotherapy-1?utm_source=google&utm_medium=book_button&utm_campaign=Psychotherapy,
Who offers in-home therapy or community-based mental health support in Louisville?,louisvillemindandwellness.com,https://louisvillemindandwellness.com/,
Who offers in-home therapy or community-based mental health support in Louisville?,tebra.com,https://www.tebra.com/care/practice/louisville-mind-and-wellness-llc-650686?lid=490335590,
Who offers in-home therapy or community-based mental health support in Louisville?,bridgesupport.org,https://bridgesupport.org/making-a-difference-community-link-workers/,
Who offers in-home therapy or community-based mental health support in Louisville?,kidsfirstservices.com,https://www.kidsfirstservices.com/first-insights/community-therapy-programs,
Who offers in-home therapy or community-based mental health support in Louisville?,restaurabh.com,https://restaurabh.com/areas-we-serve/,
Who offers family therapy and care coordination in Louisville?,fccwellbeing.com,https://fccwellbeing.com/clinic-locations/colorado/louisville-clinic/,
Who offers family therapy and care coordination in Louisville?,boysandgirlshaven.org,https://boysandgirlshaven.org/programs/haven-family-counseling/,
Who offers family therapy and care coordination in Louisville?,creativefamilycounseling.org,https://creativefamilycounseling.org/,
Who offers family therapy and care coordination in Louisville?,lifestance.com,https://lifestance.com/services/family-therapy/ky/louisville/,
Who offers family therapy and care coordination in Louisville?,jimwalker.fullslate.com,https://jimwalker.fullslate.com/services/6,
Who offers family therapy and care coordination in Louisville?,whiteglovehomecare.com,https://whiteglovehomecare.com/best-pediatric-case-management-agencies-in-new-york/,
Find a Louisville therapist who accepts Medicaid.,psychologytoday.com,https://www.psychologytoday.com/us/therapists/ky/louisville?category=medicaid,
Find a Louisville therapist who accepts Medicaid.,zencare.co,https://zencare.co/us/kentucky/louisville/louisville-jefferson-county/therapists/insurance/medicaid,
Find a Louisville therapist who accepts Medicaid.,paid.care,https://paid.care/guides/medicaid-therapists-accessing-quality-mental-health-care,
Find a Louisville therapist who accepts Medicaid.,psychologytoday.com,https://www.psychologytoday.com/us/therapists/haven-family-counseling-louisville-ky/763897,
Find a Louisville therapist who accepts Medicaid.,psychologytoday.com,https://www.psychologytoday.com/us/therapists/blue-moon-therapy-louisville-ky/813431,
Find a Louisville therapist who accepts Medicaid.,therapist.com,https://therapist.com/clinician/meredith-cundiff-113953/,
Find a Louisville therapist who accepts Medicaid.,mentalhealthmatch.com,https://mentalhealthmatch.com/browse-therapists/kentucky/louisville/medicaid,
Find a Louisville therapist who accepts Medicaid.,manhattanmentalhealthcounseling.com,https://manhattanmentalhealthcounseling.com/does-medicaid-cover-therapy/,
Find a Louisville therapist who accepts Medicaid.,joingroups.com,https://joingroups.com/how-to-find-an-online-suboxone-doctor-or-clinic-that-accepts-medicaid/,
Who offers community based mental health services in Louisville?,louisvilleky.gov,https://louisvilleky.gov/government/health-wellness/community-mental-health-services,
Who offers community based mental health services in Louisville?,sevencounties.org,https://sevencounties.org/,
Who offers community based mental health services in Louisville?,uoflhealth.org,https://uoflhealth.org/services/mental-and-behavioral-health/,
Who offers community based mental health services in Louisville?,pdchc.org,https://pdchc.org/,
Who offers community based mental health services in Louisville?,pdchc.org,https://pdchc.org/adult-health/,
Who offers community based mental health services in Louisville?,pdchc.org,https://pdchc.org/behavioral/,
Who offers community based mental health services in Louisville?,compservhealth.com,https://www.compservhealth.com/,
Who offers community based mental health services in Louisville?,compservhealth.com,https://www.compservhealth.com/booking-calendar/psychotherapy-1?utm_source=google&utm_medium=book_button&utm_campaign=Psychotherapy,
Who offers community based mental health services in Louisville?,mentalhealthlou.com,https://mentalhealthlou.com/,
Who offers community based mental health services in Louisville?,namilouisville.org,https://namilouisville.org/,
Who offers community based mental health services in Louisville?,mentalhealthlou.com,https://www.mentalhealthlou.com/about,
Who offers community based mental health services in Louisville?,1si.org,https://1si.org/nonprofit-spotlight-nami-louisville/,
Who offers community based mental health services in Louisville?,namilouisville.org,https://namilouisville.org/programs-%26-classes,
Who offers community based mental health services in Louisville?,instagram.com,https://www.instagram.com/namilouisville/,
Who offers community based mental health services in Louisville?,988lifeline.org,https://988lifeline.org/,
Who offers community based mental health services in Louisville?,crisistextline.org,https://www.crisistextline.org/,
Who offers community based mental health services in Louisville?,metrounitedway.org,https://www.metrounitedway.org/,
Best therapy providers in Louisville KY for families and children,louisvillegracepsychological.com,https://louisvillegracepsychological.com/child-therapist-louisville-ky/,
Best therapy providers in Louisville KY for families and children,pivotalcounseling.com,https://www.pivotalcounseling.com/family-counselors-greeley-co,
Best therapy providers in Louisville KY for families and children,searhc.org,https://searhc.org/care-specialties/individual-family-therapy/,
Best therapy providers in Louisville KY for families and children,lh3.googleusercontent.com,https://lh3.googleusercontent.com/gps-cs-s/APNQkAHJEElTT51FCE19McDp8mj7aHbhJtWp--R9p0ezV2dOEU5P-Gf7ulTl6woZXafpiHWEVh5YVaZ-W0ctVk6tAj7N75U7BjUbOX8nrbHloF28l4fGcqf6gP83fqoEWwPzQHWKIcdz=s192-w192-h144-n-k-no,
Best therapy providers in Louisville KY for families and children,streetviewpixels-pa.googleapis.com,https://streetviewpixels-pa.googleapis.com/v1/thumbnail?panoid=av7BdQ-W1bHlMgQm-CCxog&cb_client=search.gws-prod.gps&yaw=38.667984&pitch=0&thumbfov=100&w=82&h=82,
Best therapy providers in Louisville KY for families and children,creativefamilycounseling.org,https://creativefamilycounseling.org/,
Best therapy providers in Louisville KY for families and children,lifestance.com,https://lifestance.com/services/family-therapy/ky/louisville/,
Best therapy providers in Louisville KY for families and children,jimwalker.fullslate.com,https://jimwalker.fullslate.com/services/6,
Best therapy providers in Louisville KY for families and children,louisvillegracepsychological.com,https://louisvillegracepsychological.com/marriage-counseling-louisville/,
Best therapy providers in Louisville KY for families and children,therapylab.com,https://www.therapylab.com/blogs/how-family-counseling-can-strengthen-relationships,
Best therapy providers in Louisville KY for families and children,ourchildrenourfuturefl.org,https://ourchildrenourfuturefl.org/family-therapy-counseling-hollywood-fl/,
Best therapy providers in Louisville KY for families and children,psychologytoday.com,https://www.psychologytoday.com/us/therapists/ky/louisville?category=children-6-to-10,
Who provides mental health services in Louisville KY?,louisvilleky.gov,https://louisvilleky.gov/government/health-wellness/community-mental-health-services,
Who provides mental health services in Louisville KY?,kentuckymentalhealth.com,https://kentuckymentalhealth.com/,
Who provides mental health services in Louisville KY?,louisvillegracepsychological.com,https://louisvillegracepsychological.com/,
Who provides mental health services in Louisville KY?,divorcerecoverylouisville.org,http://www.divorcerecoverylouisville.org/gethelp-crisis.html,
Who provides mental health services in Louisville KY?,tebra.com,https://www.tebra.com/care/practice/louisville-mind-and-wellness-llc-650686?lid=490335590,
Who provides mental health services in Louisville KY?,jimwalker.fullslate.com,https://jimwalker.fullslate.com/services/1,
Who provides mental health services in Louisville KY?,app.squareup.com,https://app.squareup.com/appointments/book/eb9c5ddf-fbb9-40ae-8d73-967aad8c9082/NB6KRWR5H44BZ/start?service_id=5NHEWSNEQSS6BKWMP52YM76F&variation_id=XK5C5ZLR3STU22UFBV2L24QX,
Who provides mental health services in Louisville KY?,zocdoc.com,https://www.zocdoc.com/doctor/nicole-fletcher-griggs-aprn-pmhnp-bc-656210?LocIdent=355819&utm_source=reservewithgoogle&utm_medium=seosynd&utm_campaign=hai&entity_id=pr_jICN4JntfEWK_4P5dFaJtQ-lo_X6B0qk02o0e0XbhXgmgwQQ-entity,
Who provides mental health services in Louisville KY?,lightheartassociates.com,https://lightheartassociates.com/psychology-blog/5-mental-health-resources-available-in-seattle-wa/,
Who provides mental health services in Louisville KY?,kysu.edu,https://www.kysu.edu/student-affairs/health-services/support.php,
Who provides mental health services in Louisville KY?,instagram.com,https://www.instagram.com/loumetrooss/,
